country,year,pop_65_plus,pop_under_5,pop_25_64,pop_6_11,pop_12_24
Afghanistan,2015,841098,5239401,10809505,6021289,9773222
Afghanistan,2016,880803,5232848,11228661,6127608,10131766
Afghanistan,2017,916863,5271263,11635694,6192062,10465073
Afghanistan,2018,950964,5337777,12044647,6217757,10781479
Afghanistan,2019,985527,5403646,12476843,6212310,11096262
Afghanistan,2020,1022095,5450440,12943724,6189601,11412317
Afghanistan,2021,1061233,5533674,13419895,6173825,11678466
Afghanistan,2022,1102082,5562816,13939375,6187411,11925609
Afghanistan,2023,1144461,5554091,14493349,6227613,12151001
Afghanistan,2024,1187784,5538370,15066988,6288823,12345959
Afghanistan,2025,1232037,5538878,15651754,6358524,12511255
Afghanistan,2026,1280921,5536999,16256505,6421341,12658035
Afghanistan,2027,1330152,5549211,16873687,6472190,12791601
Afghanistan,2028,1380349,5572768,17503827,6509877,12913046
Afghanistan,2029,1432418,5595429,18151624,6533676,13027180
Afghanistan,2030,1487088,5609704,18817204,6545678,13135667
Afghanistan,2031,1546927,5631325,19488127,6560087,13217820
Afghanistan,2032,1608590,5639488,20177883,6579598,13282605
Afghanistan,2033,1672626,5636568,20876914,6601672,13339103
Afghanistan,2034,1739428,5629080,21570737,6623392,13397887
Afghanistan,2035,1809624,5622083,22249828,6641627,13466181
Afghanistan,2036,1886712,5619639,22908523,6657497,13536302
Afghanistan,2037,1966007,5610933,23554832,6672149,13616102
Afghanistan,2038,2048839,5597487,24191540,6683845,13700928
Afghanistan,2039,2136910,5579826,24825825,6690606,13782525
Afghanistan,2040,2231497,5559109,25461171,6690810,13855787
Afghanistan,2041,2334983,5541809,26087764,6689322,13913746
Afghanistan,2042,2442819,5517876,26717650,6686473,13959882
Afghanistan,2043,2555597,5488673,27346659,6680365,13997684
Afghanistan,2044,2673846,5455948,27968728,6668925,14032345
Afghanistan,2045,2798206,5421487,28579157,6650699,14067056
Afghanistan,2046,2930384,5391059,29169733,6630701,14094578
Afghanistan,2047,3066942,5356054,29752597,6608897,14116325
Afghanistan,2048,3207550,5317803,30327720,6583727,14132967
Afghanistan,2049,3351148,5277970,30896430,6553508,14144504
Afghanistan,2050,3497667,5238313,31458179,6517255,14150882
Afghanistan,2051,3647830,5204666,32001694,6480451,14148892
Afghanistan,2052,3799388,5168890,32540333,6443020,14136950
Afghanistan,2053,3954828,5131627,33070443,6403799,14116657
Afghanistan,2054,4117029,5093545,33587989,6361510,14089718
Afghanistan,2055,4288387,5055725,34088970,6315373,14057293
Afghanistan,2056,4467941,5026420,34560129,6270525,14017695
Afghanistan,2057,4653282,4993077,35019651,6227437,13968703
Afghanistan,2058,4847856,4956858,35462156,6185149,13911934
Afghanistan,2059,5055857,4919197,35881504,6142442,13848983
Afghanistan,2060,5280183,4881675,36272911,6097970,13781463
Afghanistan,2061,5518634,4851738,36623128,6055449,13710810
Afghanistan,2062,5768389,4817537,36952147,6014598,13633606
Afghanistan,2063,6029708,4780501,37257685,5974375,13551614
Afghanistan,2064,6302214,4742332,37538084,5933453,13466691
Afghanistan,2065,6585995,4704699,37791405,5890501,13380544
Afghanistan,2066,6877284,4673097,38006337,5849791,13296153
Afghanistan,2067,7172634,4639882,38202368,5809796,13208034
Afghanistan,2068,7473884,4605374,38376563,5769422,13117936
Afghanistan,2069,7783157,4569621,38525957,5727437,13027682
Afghanistan,2070,8101444,4533083,38648499,5683020,12938557
Afghanistan,2071,8422081,4503243,38733460,5641308,12853421
Afghanistan,2072,8745130,4469568,38800012,5601063,12766347
Afghanistan,2073,9065943,4433106,38851720,5561256,12678271
Afghanistan,2074,9376675,4395358,38895435,5520653,12589773
Afghanistan,2075,9673257,4357730,38934367,5478100,12501520
Afghanistan,2076,9949059,4325654,38959002,5437827,12418026
Afghanistan,2077,10204724,4291782,38986665,5397995,12332325
Afghanistan,2078,10447387,4256768,39010192,5357716,12245413
Afghanistan,2079,10686442,4221242,39020518,5315970,12158264
Afghanistan,2080,10927767,4185985,39011737,5272089,12071598
Afghanistan,2081,11168265,4156230,38973447,5230414,11988291
Afghanistan,2082,11403176,4125259,38925805,5189769,11902371
Afghanistan,2083,11632826,4093511,38868203,5149354,11815015
Afghanistan,2084,11855937,4061562,38801538,5108262,11727409
Afghanistan,2085,12072349,4030142,38725535,5065855,11640448
Afghanistan,2086,12286035,4004383,38624636,5025519,11556220
Afghanistan,2087,12487120,3977111,38522511,4986889,11470221
Afghanistan,2088,12678693,3948816,38416110,4949319,11383356
Afghanistan,2089,12863869,3920046,38302654,4912026,11296409
Afghanistan,2090,13045077,3891489,38179883,4874248,11210137
Afghanistan,2091,13233822,3867551,38028349,4837924,11125453
Afghanistan,2092,13411267,3841562,37877207,4803468,11039863
Afghanistan,2093,13579904,3814223,37723766,4770212,10954329
Afghanistan,2094,13741823,3786421,37565723,4737304,10869805
Afghanistan,2095,13898985,3759148,37401033,4703882,10787114
Afghanistan,2096,14070292,3734706,37207240,4671043,10706033
Afghanistan,2097,14229331,3709598,37016224,4639451,10625355
Afghanistan,2098,14378812,3684390,36825507,4608384,10545871
Afghanistan,2099,14521112,3659293,36633344,4577044,10468409
Afghanistan,2100,14658476,3634189,36438407,4544901,10393619
China,2015,135178504,85884695,832669638,97358079,229101651
China,2016,142074949,85866368,838620996,98302992,221635641
China,2017,149992731,85131175,841858746,99340028,216060326
China,2018,158393486,83843773,843034891,100375122,212179288
China,2019,166428061,82343115,843277514,101308276,209477244
China,2020,173630900,80836819,843300802,102033562,207613930
China,2021,180177756,78740146,843121742,102562850,206957115
China,2022,185871825,77109265,842415180,102575804,207274151
China,2023,191236729,75806063,841063804,102013125,208333344
China,2024,197026588,74585532,838848370,100850876,209842228
China,2025,203696545,73272306,835620111,99219840,211490758
China,2026,210907746,72048570,831304156,97600105,213118551
China,2027,218626272,70925240,826339488,95892449,214402184
China,2028,226964179,69863416,820681251,94107439,215315454
China,2029,236038580,68883452,814192398,92270675,215849577
China,2030,245902034,68004931,806813305,90418714,215972054
China,2031,256131225,67494226,798469512,88661876,215767593
China,2032,266915089,66903610,789603621,87014037,215078674
China,2033,277957855,66293242,780477909,85516111,213862809
China,2034,288813405,65738528,771509235,84195788,212076760
China,2035,299179929,65304727,762978040,83027154,209737827
China,2036,308581904,65088966,754950306,82004576,207113735
China,2037,317419791,64901276,747454389,81076876,204056742
China,2038,325463428,64748341,740592801,80256481,200692904
China,2039,332355685,64615192,734558480,79547480,197216237
China,2040,337911401,64496663,729423083,78935584,193777214
China,2041,341737871,64503524,725215076,78477125,190555535
China,2042,344198829,64467957,721933237,78106885,187448795
China,2043,345746287,64387603,719097754,77816525,184498098
China,2044,347011278,64256758,716067881,77593770,181730725
China,2045,348444363,64070574,712398509,77415397,179173120
China,2046,349711877,63907192,708156839,77317000,176964449
China,2047,350780315,63647154,703642806,77239262,175043487
China,2048,352185681,63304592,698348316,77166087,173388540
China,2049,354728133,62893621,691537272,77076083,171946733
China,2050,358891635,62419159,682798891,76944272,170673352
China,2051,364349828,61885574,672296991,76824413,169673214
China,2052,371208037,61331972,660092980,76638924,168843000
China,2053,378645776,60753508,647083725,76364350,168150561
China,2054,385291862,60146916,634702039,75984760,167570120
China,2055,390269428,59510408,623862679,75506638,167073569
China,2056,393587120,58849334,614453932,75020753,166686955
China,2057,395206442,58225613,606622058,74472589,166317260
China,2058,395400945,57632677,600147559,73855823,165949145
China,2059,394655640,57066118,594606821,73166245,165558857
China,2060,393330401,56521187,589696013,72413833,165108917
China,2061,391360439,56033807,585404871,71667487,164586308
China,2062,388487793,55592918,582038925,70926161,163972733
China,2063,385029093,55192866,579317863,70191730,163257648
China,2064,381423421,54828423,576847364,69464142,162424312
China,2065,378032291,54496390,574311183,68741549,161451589
China,2066,374685574,54276651,571703127,68069783,160388044
China,2067,371386932,54059543,569156161,67453802,159217977
China,2068,368268842,53847971,566538449,66893647,157942948
China,2069,365440475,53647228,563733722,66385803,156570111
China,2070,363012974,53463097,560632778,65915629,155110357
China,2071,360426694,53378323,557503736,65528213,153708652
China,2072,358077631,53276224,554206562,65187115,152282246
China,2073,356113350,53153270,550601942,64883679,150832093
China,2074,354611963,53005698,546596375,64611548,149376893
China,2075,353563281,52836058,542174803,64361226,147946235
China,2076,352365021,52717003,537664018,64180205,146676411
China,2077,351479590,52551198,532870007,64015927,145470842
China,2078,350828773,52345654,527876056,63861124,144336209
China,2079,350269240,52109163,522833481,63707812,143278581
China,2080,349731476,51845974,517832576,63543574,142299058
China,2081,349148177,51560240,512884733,63384421,141430974
China,2082,348345298,51267906,508169803,63214912,140674678
China,2083,347271963,50972887,503742837,63031400,140034869
China,2084,346061171,50665425,499543126,62816439,139478926
China,2085,345014698,50324306,495392534,62545398,138940005
China,2086,343637727,49985601,491587434,62289822,138504587
China,2087,341988816,49657825,488143142,62019742,138123555
China,2088,340412627,49320323,484833334,61705699,137734849
China,2089,339117884,48964565,481513815,61332393,137300929
China,2090,338114271,48593871,478168948,60906359,136814432
China,2091,336373426,48290004,475425851,60542870,136459157
China,2092,334739174,47989330,472780548,60158663,136047288
China,2093,333250600,47690906,470189822,59752256,135571985
China,2094,331958877,47393395,467598836,59321967,135024183
China,2095,330908643,47095114,464956444,58868391,134394209
China,2096,329053373,46893043,462877419,58496031,133875556
China,2097,327406115,46680705,460751396,58117035,133259018
China,2098,326005403,46458350,458520364,57731091,132545470
China,2099,324808654,46236542,456172282,57343574,131753320
China,2100,323761657,46032330,453703396,56957216,130899907
Denmark,2015,1083551,295077,2897939,398365,947830
Denmark,2016,1109865,284888,2906291,400912,945607
Denmark,2017,1128206,285454,2919135,399142,939647
Denmark,2018,1141702,293183,2935362,393102,931516
Denmark,2019,1155208,302205,2952774,383219,924141
Denmark,2020,1171592,308657,2969180,371431,918458
Denmark,2021,1187056,320052,2977950,362762,913257
Denmark,2022,1204600,325870,2987205,357737,907352
Denmark,2023,1223873,327575,2995833,356641,900562
Denmark,2024,1243998,328520,3002392,359618,891900
Denmark,2025,1264697,330975,3006316,365573,881431
Denmark,2026,1284155,333424,3006905,372110,874521
Denmark,2027,1303941,336223,3005259,378109,869606
Denmark,2028,1324416,339415,3001710,383653,865669
Denmark,2029,1346246,342094,2997276,388751,861676
Denmark,2030,1369725,343670,2992554,393425,857083
Denmark,2031,1392095,344211,2986318,399021,854551
Denmark,2032,1415397,344512,2980119,403908,851368
Denmark,2033,1438545,344440,2974324,407926,848496
Denmark,2034,1459891,344025,2969040,410978,847508
Denmark,2035,1478634,343190,2964222,413161,849197
Denmark,2036,1492650,341798,2958711,415775,855749
Denmark,2037,1503196,340609,2954305,417444,864806
Denmark,2038,1511512,339484,2951000,418160,875276
Denmark,2039,1519371,338258,2948756,417976,885551
Denmark,2040,1527922,336790,2947547,417077,894456
Denmark,2041,1535138,335464,2945455,416674,904414
Denmark,2042,1542163,334122,2944833,415736,913205
Denmark,2043,1548246,332838,2946581,414377,920595
Denmark,2044,1552513,331733,2951667,412694,926414
Denmark,2045,1555170,330852,2960114,410744,930441
Denmark,2046,1553114,330476,2970874,409599,935448
Denmark,2047,1548619,330510,2985447,408144,938981
Denmark,2048,1543958,330861,3001867,406435,940775
Denmark,2049,1541494,331443,3017709,404599,940810
Denmark,2050,1542410,332230,3031548,402789,939194
Denmark,2051,1541791,333902,3043471,402166,938814
Denmark,2052,1543534,335684,3053971,401585,937355
Denmark,2053,1547860,337543,3062684,401183,934852
Denmark,2054,1555300,339397,3068984,401081,931364
Denmark,2055,1566474,341171,3072278,401274,926950
Denmark,2056,1577239,343623,3072200,402594,924368
Denmark,2057,1590776,345654,3069682,404044,921756
Denmark,2058,1606397,347317,3065508,405674,918968
Denmark,2059,1622928,348675,3060990,407521,915876
Denmark,2060,1639797,349741,3056861,409496,912453
Denmark,2061,1653354,350832,3052970,412293,911365
Denmark,2062,1665948,351652,3050252,414817,910815
Denmark,2063,1677919,352201,3048542,417048,910623
Denmark,2064,1690016,352416,3047344,418956,910601
Denmark,2065,1703177,352201,3046037,420495,910542
Denmark,2066,1712296,351840,3045759,422717,913000
Denmark,2067,1720464,351403,3046697,424393,915916
Denmark,2068,1729211,350801,3047809,425450,918930
Denmark,2069,1740113,349968,3047850,425873,921723
Denmark,2070,1753970,348837,3046170,425734,924065
Denmark,2071,1764573,347836,3044641,426299,928515
Denmark,2072,1776954,346888,3041929,426307,932765
Denmark,2073,1790265,345955,3039108,425786,936550
Denmark,2074,1803365,345002,3037564,424773,939538
Denmark,2075,1816039,343953,3037804,423318,941391
Denmark,2076,1821100,343439,3042195,422738,944857
Denmark,2077,1824551,343050,3048876,421812,947515
Denmark,2078,1828031,342705,3056526,420550,949080
Denmark,2079,1833260,342351,3063505,419019,949387
Denmark,2080,1841184,341969,3068832,417313,948383
Denmark,2081,1843396,342375,3075814,416658,948929
Denmark,2082,1847061,342743,3081869,415878,948622
Denmark,2083,1852285,343076,3086849,415051,947398
Denmark,2084,1859373,343354,3090472,414236,945192
Denmark,2085,1869028,343533,3092216,413406,941922
Denmark,2086,1873710,344354,3094995,413567,940310
Denmark,2087,1879310,345050,3096846,413691,938378
Denmark,2088,1886179,345618,3097620,413809,936032
Denmark,2089,1895021,346020,3096933,413914,933138
Denmark,2090,1906949,346174,3094137,413913,929540
Denmark,2091,1913394,346783,3093143,414862,928040
Denmark,2092,1920457,347261,3091615,415689,926667
Denmark,2093,1929165,347523,3088990,416318,925146
Denmark,2094,1940308,347482,3084829,416698,923248
Denmark,2095,1954419,347078,3078860,416786,920836
Denmark,2096,1961719,347043,3075948,417776,920758
Denmark,2097,1969865,346809,3072602,418472,920795
Denmark,2098,1979395,346328,3068649,418840,920733
Denmark,2099,1990803,345542,3063941,418869,920386
Denmark,2100,2004683,344358,3058271,418542,919584
Nigeria,2015,4957477,31109161,61975589,30212299,47295879
Nigeria,2016,5109383,31801515,63593196,31037469,48668992
Nigeria,2017,5250721,32378337,65302514,31886242,50142375
Nigeria,2018,5385291,32882415,67096658,32741001,51702583
Nigeria,2019,5517242,33377087,68966026,33580244,53325719
Nigeria,2020,5649974,33914171,70907877,34380085,54994745
Nigeria,2021,5838322,34454732,72840781,35220613,56665305
Nigeria,2022,6021208,35017565,74860671,36018233,58389163
Nigeria,2023,6200642,35606240,76981102,36762047,60158204
Nigeria,2024,6378584,36210577,79222257,37444301,61966943
Nigeria,2025,6557236,36830015,81592203,38069938,63797560
Nigeria,2026,6791709,37513191,83955459,38757505,65546556
Nigeria,2027,7022598,38153033,86465603,39462634,67290754
Nigeria,2028,7251147,38767721,89115491,40176644,69030380
Nigeria,2029,7477504,39385190,91893626,40889800,70763089
Nigeria,2030,7703640,40032449,94791128,41590205,72484974
Nigeria,2031,7987384,40744219,97674327,42348265,74135367
Nigeria,2032,8266107,41409043,100697325,43122431,75796299
Nigeria,2033,8546717,42046704,103850467,43904907,77459163
Nigeria,2034,8837445,42676763,107126536,44686015,79113320
Nigeria,2035,9144724,43320624,110518053,45452218,80752478
Nigeria,2036,9520861,44009659,113882621,46275702,82332767
Nigeria,2037,9903131,44651052,117382725,47104172,83918037
Nigeria,2038,10296038,45260334,120999111,47927458,85515466
Nigeria,2039,10704504,45852678,124708272,48734298,87136878
Nigeria,2040,11133162,46444781,128493061,49512935,88787375
Nigeria,2041,11625647,47069718,132206160,50341658,90431118
Nigeria,2042,12124400,47643080,136019054,51162725,92113047
Nigeria,2043,12632347,48179889,139926457,51965405,93828115
Nigeria,2044,13151986,48696206,143926340,52738367,95567670
Nigeria,2045,13686460,49208371,148015598,53471611,97322187
Nigeria,2046,14276054,49747446,152038372,54246287,99068311
Nigeria,2047,14865675,50242384,156171291,55001048,100832578
Nigeria,2048,15456627,50706676,160413488,55726575,102608459
Nigeria,2049,16048109,51155722,164767272,56413351,104386978
Nigeria,2050,16642034,51605209,169230594,57054688,106157003
Nigeria,2051,17279591,52090421,173631901,57736757,107903381
Nigeria,2052,17906086,52544305,178159776,58397395,109635932
Nigeria,2053,18528047,52973782,182806905,59029926,111350649
Nigeria,2054,19150969,53382960,187568603,59628149,113043433
Nigeria,2055,19781531,53779184,192437374,60187754,114707451
Nigeria,2056,20472745,54218703,197214984,60785518,116330375
Nigeria,2057,21158162,54599670,202121512,61371653,117925340
Nigeria,2058,21850146,54941140,207136628,61940205,119487983
Nigeria,2059,22561539,55269238,212237086,62483820,121012019
Nigeria,2060,23304159,55606077,217403800,62993690,122492918
Nigeria,2061,24137870,55973882,222444154,63538874,123948377
Nigeria,2062,24982181,56333911,227566616,64056140,125364879
Nigeria,2063,25852744,56687270,232753412,64541437,126744624
Nigeria,2064,26767322,57029270,237986657,64991486,128092347
Nigeria,2065,27740210,57360214,243248373,65406604,129406662
Nigeria,2066,28831231,57743801,248308429,65866068,130695092
Nigeria,2067,29954413,58080297,253423172,66321008,131946733
Nigeria,2068,31116890,58378672,258575699,66767652,133161570
Nigeria,2069,32323913,58651351,263749886,67201245,134337709
Nigeria,2070,33582990,58910150,268930851,67613638,135474823
Nigeria,2071,34950078,59206893,273889710,68063034,136610382
Nigeria,2072,36336880,59454540,278889946,68495730,137721836
Nigeria,2073,37756441,59664350,283910897,68907089,138805393
Nigeria,2074,39222481,59848369,288932632,69291299,139856017
Nigeria,2075,40746577,60017676,293938611,69641378,140870453
Nigeria,2076,42367140,60210358,298712014,70025264,141899441
Nigeria,2077,44006462,60377893,303503992,70377440,142894817
Nigeria,2078,45668868,60522873,308306240,70693363,143859613
Nigeria,2079,47354169,60645165,313115510,70969058,144798822
Nigeria,2080,49066883,60746459,317923691,71203689,145712063
Nigeria,2081,50870951,60878541,322489834,71469742,146635360
Nigeria,2082,52666879,60974472,327087494,71711237,147527153
Nigeria,2083,54469792,61041997,331699386,71924610,148383562
Nigeria,2084,56293780,61093353,336308995,72106040,149197131
Nigeria,2085,58152104,61138926,340900490,72252575,149961119
Nigeria,2086,60089316,61219389,345251148,72431667,150728011
Nigeria,2087,62018943,61286629,349617310,72584395,151444849
Nigeria,2088,63958856,61338996,353980885,72708995,152110709
Nigeria,2089,65926576,61370383,358326913,72804132,152725139
Nigeria,2090,67937873,61378904,362639104,72869764,153285821
Nigeria,2091,70026780,61434400,366681311,72972832,153840040
Nigeria,2092,72114789,61439396,370735575,73064629,154341744
Nigeria,2093,74218341,61404591,374775519,73143259,154791955
Nigeria,2094,76352130,61346456,378773623,73205521,155190826
Nigeria,2095,78530412,61280880,382706390,73244426,155539553
Nigeria,2096,80792373,61239801,386363394,73314027,155905199
Nigeria,2097,83047650,61183750,390000216,73355854,156230856
Nigeria,2098,85312512,61118739,393594803,73366732,156516360
Nigeria,2099,87602545,61040114,397132585,73344266,156763804
Nigeria,2100,89933690,60936637,400602308,73289382,156974095
United States,2015,46838728,19850654,167374007,25034603,56665793
United States,2016,48428354,19606548,168295300,25115512,56615563
United States,2017,50010010,19723906,169138868,25062520,56471518
United States,2018,51617373,20079973,169922223,24884243,56276188
United States,2019,53299155,20474442,170661450,24604044,56108530
United States,2020,55079542,20766253,171349417,24289540,55988431
United States,2021,56829514,21216737,171666148,24090038,55980371
United States,2022,58643114,21443873,172000933,24010830,55980685
United States,2023,60497463,21506817,172340413,24071216,55953915
United States,2024,62354260,21532464,172667214,24283398,55828065
United States,2025,64195046,21604986,172990683,24608351,55585171
United States,2026,65915015,21625659,173257206,24956167,55540611
United States,2027,67587961,21696738,173538938,25241774,55532419
United States,2028,69206403,21807592,173862438,25474188,55530039
United States,2029,70758880,21908624,174281083,25662544,55515246
United States,2030,72237041,21962310,174822629,25822002,55474689
United States,2031,73470096,21961387,175408347,26031748,55601307
United States,2032,74594122,21982470,176117569,26190717,55698337
United States,2033,75632361,22009074,176913097,26303037,55787489
United States,2034,76615356,22030885,177724874,26377529,55905886
United States,2035,77569274,22034060,178507012,26429365,56067602
United States,2036,78295086,22024105,179201151,26522849,56469361
United States,2037,78963140,22027987,179872767,26573389,56931145
United States,2038,79595793,22038528,180544770,26592710,57402811
United States,2039,80215844,22048620,181258100,26595095,57813812
United States,2040,80846713,22049535,182034529,26592881,58116224
United States,2041,81294979,22049975,182798080,26635373,58527427
United States,2042,81721174,22065793,183630453,26644883,58869069
United States,2043,82153986,22092902,184509909,26635337,59129509
United States,2044,82633867,22126047,185397187,26621473,59304978
United States,2045,83202158,22157417,186258605,26613306,59391401
United States,2046,83660113,22190438,187038838,26656473,59601809
United States,2047,84153565,22248393,187821170,26674042,59761504
United States,2048,84712576,22323097,188584895,26678159,59858509
United States,2049,85364374,22404491,189307463,26682508,59885345
United States,2050,86133911,22481529,189970182,26697269,59837441
United States,2051,86814018,22565239,190523189,26770301,59918551
United States,2052,87540562,22667768,191048073,26825660,59976851
United States,2053,88340767,22779050,191530733,26874817,60000117
United States,2054,89249185,22885678,191952251,26930085,59976591
United States,2055,90297864,22973977,192297230,26998526,59898233
United States,2056,91256506,23065051,192535839,27123280,59964148
United States,2057,92279645,23150996,192736914,27231673,60031383
United States,2058,93362774,23227693,192915657,27332134,60083282
United States,2059,94486813,23290884,193101113,27433523,60102948
United States,2060,95650864,23333112,193307244,27538999,60079690
United States,2061,96574261,23360622,193558751,27693207,60218900
United States,2062,97461038,23395135,193866683,27813311,60365920
United States,2063,98358315,23429007,194199896,27905012,60502637
United States,2064,99320080,23452463,194517666,27975968,60613021
United States,2065,100384475,23454551,194792761,28033843,60684361
United States,2066,101196529,23446520,195109351,28140525,60916370
United States,2067,102027025,23453207,195423813,28208803,61142746
United States,2068,102907693,23465086,195718887,28245036,61345873
United States,2069,103874546,23471068,195971724,28257623,61508019
United States,2070,104957783,23459263,196164473,28255586,61613276
United States,2071,105744319,23455168,196415353,28306953,61862544
United States,2072,106579643,23460831,196631825,28327184,62086824
United States,2073,107460756,23469944,196832392,28323774,62267696
United States,2074,108368460,23476793,197050530,28305759,62386534
United States,2075,109303989,23473841,197298707,28280461,62428879
United States,2076,109818294,23488422,197726142,28313105,62600766
United States,2077,110281238,23517847,198218701,28321062,62734922
United States,2078,110752371,23553942,198730008,28312017,62818169
United States,2079,111315486,23585905,199190250,28294450,62838677
United States,2080,112040891,23602682,199544888,28274080,62786280
United States,2081,112431856,23643190,199981474,28315636,62864734
United States,2082,112882608,23685128,200370652,28341045,62915234
United States,2083,113425298,23723597,200694544,28356291,62925208
United States,2084,114089002,23753748,200937982,28367692,62882961
United States,2085,114910012,23768577,201082073,28377349,62779515
United States,2086,115382039,23799609,201335105,28445777,62818316
United States,2087,115900683,23836657,201548265,28494680,62846763
United States,2088,116498594,23872726,201707762,28528315,62851617
United States,2089,117216588,23897998,201796002,28550899,62818684
United States,2090,118104894,23901502,201788156,28564013,62734516
United States,2091,118604610,23920768,201935723,28635470,62799034
United States,2092,119141608,23941457,202063540,28686482,62859331
United States,2093,119768394,23955738,202142542,28718246,62897557
United States,2094,120530680,23955701,202146998,28733461,62897360
United States,2095,121465780,23932926,202056684,28734206,62846224
United States,2096,121948768,23928099,202174234,28793044,62947165
United States,2097,122479409,23923647,202267091,28826989,63038368
United States,2098,123094393,23912737,202317439,28838358,63104226
United States,2099,123831678,23887453,202306648,28830426,63128932
United States,2100,124736756,23838645,202210641,28805015,63097555
Vietnam,2015,6310979,7752861,49852905,8414434,19733973
Vietnam,2016,6547956,7760728,50912434,8585317,19235077
Vietnam,2017,6830970,7745468,51931292,8747879,18742363
Vietnam,2018,7157235,7713416,52877187,8893946,18296584
Vietnam,2019,7521802,7677915,53700359,9015503,17954862
Vietnam,2020,7922499,7645515,54370399,9110590,17748834
Vietnam,2021,8362997,7570579,54915431,9201088,17676808
Vietnam,2022,8830485,7549327,55291696,9255950,17722337
Vietnam,2023,9323826,7555035,55541493,9270915,17864192
Vietnam,2024,9839853,7546319,55732136,9246025,18064755
Vietnam,2025,10375550,7493988,55905565,9192791,18289538
Vietnam,2026,10911653,7460323,56014785,9141304,18513766
Vietnam,2027,11462611,7353055,56124136,9099221,18745796
Vietnam,2028,12024703,7195402,56233586,9066564,18970115
Vietnam,2029,12592748,7030425,56337043,9041297,19163750
Vietnam,2030,13166075,6887752,56435303,9013201,19314808
Vietnam,2031,13723978,6721078,56575471,8970271,19449309
Vietnam,2032,14275885,6604948,56717537,8890803,19546393
Vietnam,2033,14831086,6529457,56861829,8775445,19606771
Vietnam,2034,15400682,6471934,57009346,8626712,19639505
Vietnam,2035,15989755,6417345,57156802,8456234,19644946
Vietnam,2036,16550199,6388546,57311029,8300423,19611636
Vietnam,2037,17123110,6369889,57466185,8153311,19526393
Vietnam,2038,17707302,6358437,57615195,8017776,19399361
Vietnam,2039,18298476,6356430,57747297,7897163,19241978
Vietnam,2040,18894861,6365905,57854637,7792620,19062591
Vietnam,2041,19440569,6411725,57947526,7706859,18874199
Vietnam,2042,19989259,6445863,58020923,7640577,18678596
Vietnam,2043,20546746,6472510,58066113,7597107,18471466
Vietnam,2044,21119973,6495753,58078645,7578296,18244602
Vietnam,2045,21713731,6519203,58056032,7579554,17997656
Vietnam,2046,22275828,6551759,58019968,7595108,17752232
Vietnam,2047,22847878,6573016,57959308,7618124,17507203
Vietnam,2048,23431311,6585255,57861237,7648206,17270886
Vietnam,2049,24031750,6589260,57708049,7683773,17054796
Vietnam,2050,24656883,6584968,57487216,7721135,16866677
Vietnam,2051,25246032,6571841,57239326,7765282,16720226
Vietnam,2052,25833099,6555590,56946542,7803026,16607632
Vietnam,2053,26425879,6534399,56605636,7831795,16527435
Vietnam,2054,27034709,6505400,56213660,7849337,16475887
Vietnam,2055,27665266,6465827,55771765,7855347,16447874
Vietnam,2056,28241545,6419805,55326948,7864175,16454170
Vietnam,2057,28819608,6371077,54846459,7862650,16481943
Vietnam,2058,29374566,6318807,54364030,7849075,16524882
Vietnam,2059,29864705,6262992,53931508,7822387,16573993
Vietnam,2060,30267252,6203235,53579778,7783417,16620826
Vietnam,2061,30503541,6144637,53354845,7747303,16677945
Vietnam,2062,30639684,6089129,53219532,7701929,16728594
Vietnam,2063,30708015,6036167,53147618,7647169,16768840
Vietnam,2064,30753508,5985796,53099454,7583455,16794646
Vietnam,2065,30806757,5938110,53048215,7512534,16801870
Vietnam,2066,30776317,5901088,53048739,7449037,16804577
Vietnam,2067,30735443,5870452,53060514,7383174,16786504
Vietnam,2068,30699907,5845172,53068997,7316101,16748073
Vietnam,2069,30688592,5824153,53056281,7248988,16690177
Vietnam,2070,30717843,5806744,53007550,7182779,16612713
Vietnam,2071,30696206,5806294,52971154,7128949,16532933
Vietnam,2072,30702311,5806238,52907789,7080209,16438100
Vietnam,2073,30742491,5806229,52810893,7037556,16329154
Vietnam,2074,30819384,5805955,52677225,7001774,16207527
Vietnam,2075,30935316,5805453,52504723,6971922,16075292
Vietnam,2076,30999460,5817385,52342747,6954535,15952521
Vietnam,2077,31087391,5823367,52154625,6942173,15828934
Vietnam,2078,31196606,5824343,51941365,6934997,15705696
Vietnam,2079,31322263,5821106,51707295,6932581,15583700
Vietnam,2080,31465149,5813965,51453599,6932670,15463920
Vietnam,2081,31541283,5809111,51231627,6941081,15365223
Vietnam,2082,31610188,5800532,51009523,6948491,15277445
Vietnam,2083,31684237,5787828,50777873,6953746,15199931
Vietnam,2084,31779068,5770013,50525015,6955630,15131646
Vietnam,2085,31906688,5746002,50243418,6953004,15070969
Vietnam,2086,31987923,5720386,49983849,6955052,15032172
Vietnam,2087,32075208,5692883,49715683,6952298,15004487
Vietnam,2088,32164408,5663295,49445798,6943967,14986347
Vietnam,2089,32255609,5631025,49180298,6928788,14973640
Vietnam,2090,32359850,5594688,48916612,6905734,14960466
Vietnam,2091,32374446,5560502,48719074,6888127,14965013
Vietnam,2092,32374131,5528330,48541530,6865169,14970960
Vietnam,2093,32383789,5496066,48369420,6834866,14972367
Vietnam,2094,32416277,5462231,48195758,6796732,14965252
Vietnam,2095,32466995,5426422,48024143,6752658,14948724
Vietnam,2096,32410047,5400306,47930313,6717741,14944752
Vietnam,2097,32373281,5373727,47837788,6678563,14927594
Vietnam,2098,32352475,5347504,47746644,6636610,14898918
Vietnam,2099,32340228,5323967,47657308,6593801,14861201
Vietnam,2100,32333449,5306084,47567648,6551363,14815314
